Time,1000.0,2000.0,3000.0,5000.0,7000.0,10000.0,12500.0,15000.0,17500.0,20000.0,22500.0,25000.0,30000.0,35000.0,40000.0,45000.0,50000.0,55000.0,60000.0,65000.0,70000.0,75000.0,77500.0,80000.0,82500.0,85000.0,87500.0,90000.0,92500.0,95000.0,97500.0,100000.0
standard_height,23.311224317527007,21.627366674328268,19.312405402539174,17.659952538528085,15.788845929720818,14.55200350500616,13.501714709781766,12.58483772014436,11.768573960438642,11.031162002595584,10.357375151717509,9.159028242671463,8.112900062019325,7.181568453172953,6.340204302290991,5.571434423209202,4.862596384290676,4.204157802769398,3.588751462706507,3.010558025783667,2.464895554945448,2.2030401123457213
2004-03-21 01:00:00,7.278463219588472e-06,-8.32928909193266e-06,-3.7424107322718496e-06,5.160485370062241e-06,-3.9647985771626486e-05,-2.7234389462218217e-05,-2.4043703457399828e-05,-1.3461868047689783e-05,6.063169660581846e-06,1.1249844879467356e-05,1.5527224679309597e-05,-1.5520803695172612e-05,-2.436574674849122e-05,-2.3753998510285646e-05,-2.314225027208007e-05,-2.2530502033874497e-05,-2.0021566547916423e-05,-1.1239623358196115e-05,-1.2640215714807908e-05,-1.2186334344136466e-05,-1.793994892171112e-05,-1.6712365151566954e-05
standard_height,23.311224317527007,21.627366674328268,19.312405402539174,17.659952538528085,15.788845929720818,14.55200350500616,13.501714709781766,12.58483772014436,11.768573960438642,11.031162002595584,10.357375151717509,9.159028242671463,8.112900062019325,7.181568453172953,6.340204302290991,5.571434423209202,4.862596384290676,4.204157802769398,3.588751462706507,3.010558025783667,2.464895554945448,2.2030401123457213,1.947937573358983
2004-03-21 02:00:00,-8.846541498790135e-06,9.880500293619971e-07,8.80719729176579e-06,2.7407181894293653e-06,-4.0505804381461735e-06,-8.267499141279804e-06,-1.5885981354974494e-05,-1.132734205690799e-06,1.3239167250234532e-06,-3.0715431819436146e-06,6.172592282372608e-06,-1.0365090045889534e-06,-1.4348470175747233e-06,5.589321642784367e-06,9.021553451834713e-06,1.2453785260885057e-05,3.274207346187513e-05,4.707806912209573e-05,3.942726891793542e-05,2.4407697796701706e-05,9.388126675467991e-06,7.873746218625803e-06,9.938881516673193e-06
standard_height,23.311224317527007,21.627366674328268,19.312405402539174,17.659952538528085,15.788845929720818,14.55200350500616,13.501714709781766,12.58483772014436,11.768573960438642,11.031162002595584,10.357375151717509,9.159028242671463,8.112900062019325,7.181568453172953,6.340204302290991,5.571434423209202,4.862596384290676,4.204157802769398,3.588751462706507,3.010558025783667,2.464895554945448,2.2030401123457213
2004-03-21 03:00:00,-1.0567474147752111e-05,5.316653080068251e-07,1.0420922671718273e-05,2.6069538791975678e-06,-7.949373180842073e-06,-8.04537716760161e-06,-1.3315032013508991e-05,1.210063410041065e-07,6.71048845339562e-06,1.3699247569258346e-06,7.868226049792103e-06,2.578518805102275e-06,-4.6168785863238646e-06,-4.094886949969388e-06,-3.5728953136149116e-06,-4.390327560483811e-06,3.0904336059880733e-07,1.7672680981892786e-05,1.5054889189809903e-05,1.2437097397727017e-05,9.819305605644132e-06,8.821409865756739e-06
standard_height,23.311224317527007,21.627366674328268,19.312405402539174,17.659952538528085,15.788845929720818,14.55200350500616,13.501714709781766,12.58483772014436,11.768573960438642,11.031162002595584,10.357375151717509,9.159028242671463,8.112900062019325,7.181568453172953,6.340204302290991,5.571434423209202,4.862596384290676,4.204157802769398,3.588751462706507,3.010558025783667,2.464895554945448,2.2030401123457213,1.947937573358983
2004-03-21 04:00:00,-9.16374271974763e-06,3.478031055466096e-06,1.3528550936954911e-05,1.5668419431905348e-05,-4.508405513972055e-06,-8.69093339461902e-06,-5.907196903991052e-06,-7.613519276859408e-07,6.10651022607649e-08,-5.313492835000808e-06,-6.518652822175279e-06,4.350486003109799e-06,8.743919516734834e-06,1.1537196471557695e-05,1.1403217119922135e-05,7.527442124097398e-06,1.8445865994781294e-05,4.087568853872872e-05,4.4593769017707646e-05,2.67542760972182e-05,7.848035162127382e-06,6.354662785723579e-06,7.032252622496999e-06
standard_height,23.311224317527007,21.627366674328268,19.312405402539174,17.659952538528085,15.788845929720818,14.55200350500616,13.501714709781766,12.58483772014436,11.768573960438642,11.031162002595584,10.357375151717509,9.159028242671463,8.112900062019325,7.181568453172953,6.340204302290991,5.571434423209202,4.862596384290676,4.204157802769398,3.588751462706507,3.010558025783667,2.464895554945448,2.2030401123457213,1.947937573358983
2004-03-21 05:00:00,-1.315278075732892e-05,-6.391292997779439e-06,-5.670352831079477e-06,-5.080159574314605e-06,-1.536557104728151e-05,-1.046941912088384e-05,-4.5939532309135635e-06,-1.776462505648539e-06,3.638461596561917e-07,-2.9532843670155345e-06,3.5952117577497374e-07,1.4582254611982024e-05,1.2826662549528537e-05,1.343467964952882e-05,1.549358733087501e-05,1.5871377153904137e-05,2.3497256463178113e-05,3.8555689744700116e-05,3.7554534479161694e-05,2.3394918100664016e-05,9.235301722166346e-06,9.04757769967674e-06,9.96953053727518e-06
standard_height,23.311224317527007,21.627366674328268,19.312405402539174,17.659952538528085,15.788845929720818,14.55200350500616,13.501714709781766,12.58483772014436,11.768573960438642,11.031162002595584,10.357375151717509,9.159028242671463,8.112900062019325,7.181568453172953,6.340204302290991,5.571434423209202,4.862596384290676,4.204157802769398,3.588751462706507,3.010558025783667,2.464895554945448,2.2030401123457213
2004-03-21 06:00:00,-1.6575509644049337e-05,-8.34898496273912e-06,-4.457955947971738e-06,-7.577582616189087e-06,-2.7296124350365312e-05,-1.570605364529493e-05,-6.272392992130612e-06,-1.0871423823882214e-06,4.09810822735417e-06,2.1263384021757416e-06,8.37555665599883e-06,1.7972797122202243e-05,1.535384143478423e-05,1.5768768004796127e-05,1.711681483751705e-05,2.364786407564517e-05,2.8259976065407608e-05,3.752587077320208e-05,3.238910915895292e-05,1.979540624096033e-05,7.792692429211634e-06,9.092917866729103e-06
standard_height,23.311224317527007,21.627366674328268,19.312405402539174,17.659952538528085,15.788845929720818,14.55200350500616,13.501714709781766,12.58483772014436,11.768573960438642,11.031162002595584,10.357375151717509,9.159028242671463,8.112900062019325,7.181568453172953,6.340204302290991,5.571434423209202,4.862596384290676,4.204157802769398,3.588751462706507,3.010558025783667,2.464895554945448,2.2030401123457213,1.947937573358983,1.6992107001633152
2004-03-21 07:00:00,6.890658659953429e-06,1.1376376101570453e-05,4.1430191905389456e-05,4.654351051941509e-05,2.0450229882463965e-05,9.427675588143366e-06,2.380275457555296e-06,-1.176445116271136e-06,-4.629314481587033e-06,-1.5584901169107353e-05,-9.856307477752371e-06,1.411869698541104e-05,1.660104340648844e-05,1.7802489665895498e-05,1.5867537342829197e-05,1.3932585019762893e-05,1.3055968153993875e-05,3.156157974891294e-05,3.4846641967192904e-05,2.1867891604863005e-05,1.0862472249872893e-05,1.2747212342720611e-05,1.3300542281086344e-05,1.3081498643920655e-05
standard_height,23.311224317527007,21.627366674328268,19.312405402539174,17.659952538528085,15.788845929720818,14.55200350500616,13.501714709781766,12.58483772014436,11.768573960438642,11.031162002595584,10.357375151717509,9.159028242671463,8.112900062019325,7.181568453172953,6.340204302290991,5.571434423209202,4.862596384290676,4.204157802769398,3.588751462706507,3.010558025783667,2.464895554945448,2.2030401123457213,1.947937573358983
2004-03-21 08:00:00,-7.189458078524521e-06,-4.602170615321303e-06,-6.7550290920123055e-06,-7.276609579410127e-06,-3.0038292860969073e-05,-1.3019933030784395e-05,-5.9240183627942084e-06,-2.746661946069871e-07,2.1051410420203372e-06,-2.313179288302432e-06,6.36630204438272e-06,2.3725264709753023e-05,2.3919862186536066e-05,2.371017139979041e-05,2.04280970656947e-05,2.1971044784827743e-05,2.6344655329126404e-05,2.9729140394694896e-05,2.900601419471727e-05,1.891594182309968e-05,9.723587733596117e-06,1.0572223472811663e-05,1.142085921202721e-05
standard_height,23.311224317527007,21.627366674328268,19.312405402539174,17.659952538528085,15.788845929720818,14.55200350500616,13.501714709781766,12.58483772014436,11.768573960438642,11.031162002595584,10.357375151717509,9.159028242671463,8.112900062019325,7.181568453172953,6.340204302290991,5.571434423209202,4.862596384290676,4.204157802769398,3.588751462706507,3.010558025783667,2.464895554945448,2.2030401123457213
2004-03-21 09:00:00,-1.8851272241271528e-06,-7.83336671917495e-06,-1.2487091258929762e-06,-2.4778084892275347e-06,-2.6820276457233917e-05,-1.8629471995038527e-05,-1.0778791408464674e-05,-2.8734836144249943e-06,-5.944722188184941e-07,-4.746092986156681e-06,8.095663782552857e-06,1.2492461026911534e-05,8.320176004651581e-06,4.147890982391628e-06,3.8111167053310376e-06,2.6114355310374926e-06,8.804041096720786e-06,1.4371126431162404e-05,1.5756684891580674e-05,1.3869930178053028e-05,8.171137794824903e-06,1.0416288332780266e-05
standard_height,23.311224317527007,21.627366674328268,19.312405402539174,17.659952538528085,15.788845929720818,14.55200350500616,13.501714709781766,12.58483772014436,11.768573960438642,11.031162002595584,10.357375151717509,9.159028242671463,8.112900062019325,7.181568453172953,6.340204302290991,5.571434423209202,4.862596384290676,4.204157802769398,3.588751462706507,3.010558025783667,2.464895554945448,2.2030401123457213
2004-03-21 10:00:00,-1.3467585608505284e-06,3.496577662742075e-06,9.518129125626937e-06,1.1049118388805616e-05,-6.51482070620675e-06,-1.1462840807549571e-05,-6.619852916089548e-06,-4.167426729471299e-07,1.330107171593059e-06,-5.969378913784126e-06,3.885545413619507e-06,2.359539406842677e-05,2.4043344135111077e-05,2.449129420179539e-05,2.4939244268479697e-05,2.828780793238268e-05,3.065406120792275e-05,2.58345081001486e-05,2.1014954992374452e-05,2.1456631357022838e-05,2.0285612317092778e-05,2.2663731806248154e-05
standard_height,23.311224317527007,21.627366674328268,19.312405402539174,17.659952538528085,15.788845929720818,14.55200350500616,13.501714709781766,12.58483772014436,11.768573960438642,11.031162002595584,10.357375151717509,9.159028242671463,8.112900062019325,7.181568453172953,6.340204302290991,5.571434423209202,4.862596384290676,4.204157802769398,3.588751462706507,3.010558025783667,2.464895554945448,2.2030401123457213,1.947937573358983
2004-03-21 11:00:00,1.295385639281595e-06,-3.8144101109869377e-06,8.160283652588722e-06,1.2272106355052295e-05,-1.3747219773397562e-05,-1.290790129663901e-05,-6.552203616410692e-06,-4.012969504839888e-06,-5.589979798860779e-06,-8.214510709034232e-06,1.8085129105770615e-06,9.287513398284566e-06,2.1880476666256048e-05,1.8497593592059972e-05,1.24746822879163e-05,1.2405971314952147e-05,1.1074142241658877e-05,9.477710375976532e-06,1.2853004331192364e-05,1.727891089341059e-05,1.7570580634362184e-05,1.945229590510908e-05,2.0254903812732138e-05
standard_height,23.311224317527007,21.627366674328268,19.312405402539174,17.659952538528085,15.788845929720818,14.55200350500616,13.501714709781766,12.58483772014436,11.768573960438642,11.031162002595584,10.357375151717509,9.159028242671463,8.112900062019325,7.181568453172953,6.340204302290991,5.571434423209202,4.862596384290676,4.204157802769398,3.588751462706507,3.010558025783667,2.464895554945448,2.2030401123457213
2004-03-21 12:00:00,-6.803953478752481e-06,-8.096865668866266e-06,-5.49666872174628e-06,-1.738715846435574e-05,-3.538267822945594e-05,-2.8730442648706373e-05,-1.6006480522316286e-05,-8.204583172622488e-06,-4.0268582292868946e-07,-5.1064070948823505e-06,5.899360754441461e-06,2.016743477091043e-05,3.5583054241197696e-05,2.5626560209774205e-05,1.536841021118095e-05,1.2770890444229464e-05,9.761228268580674e-06,5.08957157278128e-06,1.4137008843929123e-05,1.6254244721974904e-05,1.8371480600020685e-05,1.9477772870101116e-05
standard_height,23.311224317527007,21.627366674328268,19.312405402539174,17.659952538528085,15.788845929720818,14.55200350500616,13.501714709781766,12.58483772014436,11.768573960438642,11.031162002595584,10.357375151717509,9.159028242671463,8.112900062019325,7.181568453172953,6.340204302290991,5.571434423209202,4.862596384290676,4.204157802769398,3.588751462706507,3.010558025783667,2.464895554945448,2.2030401123457213
2004-03-21 13:00:00,-1.933559131138004e-06,1.2595404167726713e-06,1.5949218454969815e-05,1.0160598348997405e-05,1.0903120108564876e-06,-6.517104770056249e-06,-4.8952501198300825e-06,-2.0078154957937428e-06,-2.1182228057950356e-06,-6.120543723182549e-06,1.0398586898871263e-05,2.0866962544206774e-05,3.535753726840751e-05,3.525056140528044e-05,2.3177155218837348e-05,1.9511874364172106e-05,1.7161428058819348e-05,1.1070534352531989e-05,1.624453536568387e-05,1.6792772324149805e-05,1.734100928261574e-05,1.8492990588157554e-05
standard_height,23.311224317527007,21.627366674328268,19.312405402539174,17.659952538528085,15.788845929720818,14.55200350500616,13.501714709781766,12.58483772014436,11.768573960438642,11.031162002595584,10.357375151717509,9.159028242671463,8.112900062019325,7.181568453172953,6.340204302290991,5.571434423209202,4.862596384290676,4.204157802769398,3.588751462706507,3.010558025783667,2.464895554945448
2004-03-21 14:00:00,-9.405686426638748e-07,-2.426075670315204e-06,1.2109162803257919e-05,3.3940255092152558e-06,3.7559859977205273e-06,-4.415616271397794e-06,-2.8647555692534727e-06,1.1536920453421982e-06,-6.894918201102453e-06,-1.0077813580038299e-05,4.3750352018507605e-06,2.2042495123649762e-05,4.0717665022255136e-05,3.4609223145562256e-05,1.9993349628183633e-05,5.377476110805014e-06,-4.908360166528543e-07,-3.2609080803718035e-06,4.587961905615103e-06,7.73785691238131e-06,7.733547828185558e-06
standard_height,23.311224317527007,21.627366674328268,19.312405402539174,17.659952538528085,15.788845929720818,14.55200350500616,13.501714709781766,12.58483772014436,11.768573960438642,11.031162002595584,10.357375151717509,9.159028242671463,8.112900062019325,7.181568453172953,6.340204302290991,5.571434423209202,4.862596384290676,4.204157802769398,3.588751462706507,3.010558025783667,2.464895554945448,2.2030401123457213
2004-03-21 15:00:00,-2.400004569004706e-06,-7.5955628366318705e-06,5.644331363813134e-06,-1.0409591143169727e-05,-6.683821364000697e-06,-1.0548701724618964e-05,-1.1372289803815501e-05,8.266124596099276e-07,-1.458725852790795e-07,-2.636055550994681e-06,8.525223850460336e-06,3.2794466584837774e-05,4.200403990071897e-05,3.715665219754455e-05,2.5949266954837473e-05,1.7727616458720355e-05,1.2686380318334524e-05,1.3307400336424469e-05,1.3928420354514414e-05,1.2525200990600414e-05,1.1121981626686416e-05,1.2091334160862279e-05
standard_height,23.311224317527007,21.627366674328268,19.312405402539174,17.659952538528085,15.788845929720818,14.55200350500616,13.501714709781766,12.58483772014436,11.768573960438642,11.031162002595584,10.357375151717509,9.159028242671463,8.112900062019325,7.181568453172953,6.340204302290991,5.571434423209202,4.862596384290676,4.204157802769398,3.588751462706507,3.010558025783667,2.464895554945448,2.2030401123457213,1.947937573358983,1.6992107001633152
2004-03-21 16:00:00,1.6056753683705102e-06,4.3692442096412355e-06,7.74268385099727e-06,2.575137912505157e-06,1.5697273403874772e-06,-3.2379734500831403e-06,-4.473883758567246e-06,1.217674596677989e-06,-5.315095632368985e-06,-1.0245984582383188e-05,6.626045324760624e-06,3.9529095779964154e-05,5.701048835446338e-05,5.6599524973726096e-05,5.6367337491050376e-05,4.1801475914565794e-05,2.9362931761563167e-05,1.7284194952890473e-05,1.5742953202183986e-05,1.4201711451477499e-05,9.540748753249852e-06,1.0069173813648475e-05,1.3603219664732052e-05,1.7384039590623194e-05
standard_height,23.311224317527007,21.627366674328268,19.312405402539174,17.659952538528085,15.788845929720818,14.55200350500616,13.501714709781766,12.58483772014436,11.768573960438642,11.031162002595584,10.357375151717509,9.159028242671463,8.112900062019325,7.181568453172953,6.340204302290991,5.571434423209202,4.862596384290676,4.204157802769398,3.588751462706507,3.010558025783667,2.464895554945448,2.2030401123457213
2004-03-21 17:00:00,9.77337747739005e-07,-2.410162700710334e-06,3.547603492608871e-06,-6.954542903866616e-06,-6.826258425339065e-06,-9.732181948720008e-06,-6.91968055696118e-06,2.0770557835337017e-06,-7.677369618073496e-06,-5.011873379683925e-06,-2.346377141294354e-06,2.3029853875391535e-05,4.042126437462169e-05,4.516004184976455e-05,4.989881932490741e-05,3.624729294184485e-05,2.621415078082016e-05,1.7894157811171542e-05,1.4708061025684154e-05,8.860212373125933e-06,3.777348787857164e-06,5.867501879353333e-06
standard_height,23.311224317527007,21.627366674328268,19.312405402539174,17.659952538528085,15.788845929720818,14.55200350500616,13.501714709781766,12.58483772014436,11.768573960438642,11.031162002595584,10.357375151717509,9.159028242671463,8.112900062019325,7.181568453172953,6.340204302290991,5.571434423209202,4.862596384290676,4.204157802769398,3.588751462706507,3.010558025783667,2.464895554945448,2.2030401123457213,1.947937573358983,1.6992107001633152,1.4565139962849931,1.2195301902939262,0.9879671974242984,0.7615554828072778,0.5400457639046174
2004-03-21 18:00:00,-8.447155875731851e-07,-3.5107383960967634e-06,-1.755367631486801e-06,-1.315575595031223e-05,-9.58820749865993e-06,-6.387188371650401e-06,-9.047200699479563e-07,3.123288537084353e-06,-6.172863171844596e-06,-6.511543957184139e-06,5.7967219238547595e-06,3.074663510530777e-05,4.7235459313093674e-05,5.351134191450676e-05,6.63652184384732e-05,4.9596869690488934e-05,3.4586325408042245e-05,2.2840187996021723e-05,1.539518506312546e-05,7.987119971999488e-06,1.0153202370514827e-06,4.240154343110069e-06,7.464988449168655e-06,1.0334049104932685e-05,1.2410797946908801e-05,1.2268769773880694e-05,1.263604861017546e-05,1.5970083051695998e-05,1.9304117493216535e-05
standard_height,23.311224317527007,21.627366674328268,19.312405402539174,17.659952538528085,15.788845929720818,14.55200350500616,13.501714709781766,12.58483772014436,11.768573960438642,11.031162002595584,10.357375151717509,9.159028242671463,8.112900062019325,7.181568453172953,6.340204302290991,5.571434423209202,4.862596384290676,4.204157802769398,3.588751462706507,3.010558025783667,2.464895554945448,2.2030401123457213,1.947937573358983,1.6992107001633152,1.4565139962849931,1.2195301902939262
2004-03-21 19:00:00,1.5904341547640162e-06,-3.039773286904962e-06,-2.7724491467925273e-06,-1.0180418518990747e-05,-6.915125680868185e-06,-8.052313196555764e-06,-1.1168699850084908e-06,2.7285805600684875e-06,7.271710491841055e-06,1.3039815080748089e-05,1.7525791439951345e-05,3.123995741969198e-05,4.275482279826854e-05,4.876241555154742e-05,5.554447211159367e-05,4.634964956053728e-05,3.820381996535512e-05,2.4393352220531843e-05,1.732674748069545e-05,1.3546250692114103e-05,8.329567634838941e-06,1.014065978777024e-05,1.2110353467546532e-05,1.4080047147322824e-05,1.5773280494166742e-05,1.6253005532526777e-05
standard_height,23.311224317527007,21.627366674328268,19.312405402539174,17.659952538528085,15.788845929720818,14.55200350500616,13.501714709781766,12.58483772014436,11.768573960438642,11.031162002595584,10.357375151717509,9.159028242671463,8.112900062019325,7.181568453172953,6.340204302290991,5.571434423209202,4.862596384290676,4.204157802769398,3.588751462706507,3.010558025783667,2.464895554945448,2.2030401123457213,1.947937573358983,1.6992107001633152,1.4565139962849931,1.2195301902939262,0.9879671974242984,0.7615554828072778
2004-03-21 20:00:00,3.8586433454578297e-07,-2.071187798928609e-06,2.244106347602602e-06,-2.8321632447565333e-07,-8.104586400751813e-06,-5.451483251607661e-06,-8.868415016584568e-07,-1.0708302372052638e-07,-3.3561419045871014e-07,-4.296142319952479e-06,1.3554640059800804e-05,2.440548061504673e-05,4.368576998216325e-05,5.943086722411073e-05,5.849867267974093e-05,5.756647813537113e-05,4.642281429108922e-05,3.379405337322641e-05,2.1920919588020895e-05,1.463676443981968e-05,7.3526092916184624e-06,9.84286917997692e-06,1.1722077608213595e-05,1.4253246053256863e-05,1.4308021569579692e-05,1.436279708590252e-05,1.4417572602225349e-05,1.8785483508786452e-05
standard_height,23.311224317527007,21.627366674328268,19.312405402539174,17.659952538528085,15.788845929720818,14.55200350500616,13.501714709781766,12.58483772014436,11.768573960438642,11.031162002595584,10.357375151717509,9.159028242671463,8.112900062019325,7.181568453172953,6.340204302290991,5.571434423209202,4.862596384290676,4.204157802769398,3.588751462706507,3.010558025783667,2.464895554945448,2.2030401123457213,1.947937573358983,1.6992107001633152,1.4565139962849931,1.2195301902939262
2004-03-21 21:00:00,-3.0035944629864016e-06,-2.119177805615812e-06,-2.702544265558575e-07,4.59191888060898e-06,-3.229157475641866e-06,-8.847265943590224e-06,-4.756589971762626e-06,1.2611516818114602e-06,5.831856082796816e-06,9.767983958319458e-06,2.3465966526249812e-05,2.3136720872939697e-05,2.830721110089718e-05,3.6576027220240287e-05,3.746820814222895e-05,3.8360389064217616e-05,3.4247740846159646e-05,2.186791614926164e-05,1.1551577035164361e-05,7.322569086371818e-06,3.895193793668596e-06,7.801012513353687e-06,9.444161126769018e-06,1.1087309740184346e-05,1.2071844790343193e-05,1.2080034388483161e-05
standard_height,23.311224317527007,21.627366674328268,19.312405402539174,17.659952538528085,15.788845929720818,14.55200350500616,13.501714709781766,12.58483772014436,11.768573960438642,11.031162002595584,10.357375151717509,9.159028242671463,8.112900062019325,7.181568453172953,6.340204302290991,5.571434423209202,4.862596384290676,4.204157802769398,3.588751462706507,3.010558025783667,2.464895554945448,2.2030401123457213,1.947937573358983,1.6992107001633152,1.4565139962849931,1.2195301902939262,0.9879671974242984,0.7615554828072778,0.5400457639046174,0.3232070008045167
2004-03-21 22:00:00,-4.13686683910969e-06,-3.0466126312625056e-06,-1.55668881802804e-06,6.52515575945476e-06,-1.3222043298483097e-05,-1.4135079026329613e-05,-9.726654310005177e-06,-1.3878114224908384e-06,5.4563621224829905e-06,1.341094026355225e-05,2.0039286233330734e-05,1.4773627337449238e-05,1.6834019260703392e-05,2.8906568717406838e-05,3.136272447737556e-05,3.6666845340098496e-05,3.88587213050869e-05,2.9406564025853535e-05,2.076529950571633e-05,1.65416218561308e-05,1.2317944206545276e-05,1.3446587286782771e-05,1.4575230367020265e-05,1.570387344725776e-05,1.6071430951681593e-05,1.8251995617725194e-05,1.9888416030280372e-05,2.1524836442835553e-05,8.84173895062252e-06,-3.8413585415905146e-06
standard_height,23.311224317527007,21.627366674328268,19.312405402539174,17.659952538528085,15.788845929720818,14.55200350500616,13.501714709781766,12.58483772014436,11.768573960438642,11.031162002595584,10.357375151717509,9.159028242671463,8.112900062019325,7.181568453172953,6.340204302290991,5.571434423209202,4.862596384290676,4.204157802769398,3.588751462706507,3.010558025783667,2.464895554945448,2.2030401123457213,1.947937573358983,1.6992107001633152,1.4565139962849931,1.2195301902939262
2004-03-21 23:00:00,5.840585363177126e-06,1.2905742925902468e-06,2.7056191090025603e-06,1.1320723071517886e-05,-4.1832922602703235e-06,-1.3459620980310824e-05,-8.149681977516285e-06,-3.1740621374956274e-06,1.0138686678754153e-05,1.4278898347240983e-05,2.0670942243205376e-05,1.4329901697536124e-05,1.3913517083609234e-05,1.7461375854207415e-05,2.8794617638712706e-05,3.4220207074626124e-05,3.326629075499047e-05,3.192936301435286e-05,2.3041710960835446e-05,2.4266283706432815e-05,1.5022152008026352e-05,1.7029897880146595e-05,1.8861597444491856e-05,2.0693297008837114e-05,2.1746815188635116e-05,2.2800333368433118e-05
standard_height,23.311224317527007,21.627366674328268,19.312405402539174,17.659952538528085,15.788845929720818,14.55200350500616,13.501714709781766,12.58483772014436,11.768573960438642,11.031162002595584,10.357375151717509,9.159028242671463,8.112900062019325,7.181568453172953,6.340204302290991,5.571434423209202,4.862596384290676,4.204157802769398,3.588751462706507,3.010558025783667,2.464895554945448,2.2030401123457213,1.947937573358983,1.6992107001633152,1.4565139962849931,1.2195301902939262,0.9879671974242984,0.7615554828072778,0.5400457639046174,0.3232070008045167
2004-03-22 00:00:00,-6.641738787253596e-06,-1.2744982268258636e-06,1.1439766523148597e-05,1.3001464567402696e-05,-1.681449106404459e-05,-2.4414864164747926e-05,-1.5901200924571e-05,-1.238167411398549e-05,-2.5870738168825203e-06,1.4432619304749212e-05,2.0226851768566936e-05,-6.07437942583848e-06,-2.0764132306553462e-05,-1.1492082451817017e-05,5.278241907554898e-06,1.20716774405612e-05,2.1656857335595377e-05,2.79135911527724e-05,2.421019236962938e-05,2.062069167471171e-05,1.703119097979404e-05,1.961982989117194e-05,2.026668810345473e-05,1.9018669075674608e-05,2.077176124216954e-05,2.252485340866447e-05,2.3436125833091973e-05,1.8157418804593807e-05,1.2878711776095643e-05,7.600004747597478e-06
standard_height,23.311224317527007,21.627366674328268,19.312405402539174,17.659952538528085,15.788845929720818,14.55200350500616,13.501714709781766,12.58483772014436,11.768573960438642,11.031162002595584,10.357375151717509,9.159028242671463,8.112900062019325,7.181568453172953,6.340204302290991,5.571434423209202,4.862596384290676,4.204157802769398,3.588751462706507,3.010558025783667,2.464895554945448,2.2030401123457213,1.947937573358983,1.6992107001633152,1.4565139962849931,1.2195301902939262
2004-03-22 01:00:00,-1.0146051416293033e-05,-4.339769313177502e-06,1.2144905552914407e-05,2.1758042198161368e-05,-1.3696947693501759e-05,-2.698083974746037e-05,-1.3062843493147195e-05,-1.2317891762655347e-05,2.713504742295149e-06,1.0248340761639611e-05,4.20269144708836e-06,-2.023672353692695e-05,-3.621420785358526e-05,-1.943370256665576e-05,-6.446814008798624e-07,9.912956364113565e-06,1.7788169383271908e-05,2.4911178657335422e-05,2.278932643248875e-05,2.672995285652041e-05,1.88248405892261e-05,1.9436235465752096e-05,2.1304606673352493e-05,2.0945914605967703e-05,1.7737505689466114e-05,1.9314998092142316e-05
standard_height,23.311224317527007,21.627366674328268,19.312405402539174,17.659952538528085,15.788845929720818,14.55200350500616,13.501714709781766,12.58483772014436,11.768573960438642,11.031162002595584,10.357375151717509,9.159028242671463,8.112900062019325,7.181568453172953,6.340204302290991,5.571434423209202,4.862596384290676,4.204157802769398,3.588751462706507,3.010558025783667,2.464895554945448,2.2030401123457213,1.947937573358983,1.6992107001633152,1.4565139962849931,1.2195301902939262,0.9879671974242984,0.7615554828072778,0.5400457639046174
2004-03-22 02:00:00,-4.389251722103412e-06,-7.868123687603011e-07,1.0710597674498665e-05,1.753396260350119e-05,-2.1784358262394506e-05,-3.2740097247344666e-05,-1.4358436828992987e-05,-4.60901687730925e-06,5.140403074374486e-06,9.459601844740484e-06,-8.874916369604496e-07,-3.868501306667195e-05,-5.063104450572524e-05,-4.310355184714397e-05,-2.6687424968934744e-05,-1.005029076260125e-05,-3.2509852547458836e-06,1.1111260767131998e-05,1.905211800592156e-05,2.0090223617734978e-05,2.11283292295484e-05,2.1593034811816026e-05,2.0352322918602164e-05,1.9111611025388303e-05,1.6546335359454623e-05,1.800328758626187e-05,1.8967461346377936e-05,1.6713352181185464e-05,1.4459243015992991e-05
standard_height,23.311224317527007,21.627366674328268,19.312405402539174,17.659952538528085,15.788845929720818,14.55200350500616,13.501714709781766,12.58483772014436,11.768573960438642,11.031162002595584,10.357375151717509,9.159028242671463,8.112900062019325,7.181568453172953,6.340204302290991,5.571434423209202,4.862596384290676,4.204157802769398,3.588751462706507,3.010558025783667,2.464895554945448,2.2030401123457213,1.947937573358983,1.6992107001633152
2004-03-22 03:00:00,-1.7765426498513876e-06,-5.1450052494695965e-06,4.1752491991487234e-06,1.2848372572570607e-05,-2.0950122387730543e-05,-3.471501476577298e-05,-1.1593865100505677e-05,-1.793886522824289e-05,-5.135293078569893e-06,4.305239659325541e-06,-3.284838150620141e-06,-3.8662694001217154e-05,-4.2417505305448895e-05,-3.194662650260176e-05,-2.1475747699754616e-05,-3.5898075045809545e-06,-8.841407545913837e-07,9.909153974795412e-06,1.3339951402052107e-05,1.67707488293088e-05,1.4061989219232188e-05,1.4175119971272795e-05,1.42882507233134e-05,1.4401381475354008e-05
standard_height,23.311224317527007,21.627366674328268,19.312405402539174,17.659952538528085,15.788845929720818,14.55200350500616,13.501714709781766,12.58483772014436,11.768573960438642,11.031162002595584,10.357375151717509,9.159028242671463,8.112900062019325,7.181568453172953,6.340204302290991,5.571434423209202,4.862596384290676,4.204157802769398,3.588751462706507,3.010558025783667,2.464895554945448,2.2030401123457213,1.947937573358983,1.6992107001633152,1.4565139962849931,1.2195301902939262
2004-03-22 04:00:00,-1.9341487354314444e-06,1.7138667665887645e-06,1.1818362448745107e-05,2.3357038072355944e-05,2.7035509349779553e-07,-2.764736232067446e-05,-1.5486378587490513e-05,-1.8435843742562914e-05,-2.66515871648011e-07,1.3056034735922141e-06,-4.038712066240744e-06,-4.422134364000241e-05,-4.8411973984800684e-05,-5.260260432959896e-05,-2.894542247614659e-05,-1.0264888505587577e-05,-8.025819325151848e-06,4.6293010510673285e-06,9.397660725664629e-06,1.416602040026193e-05,6.964088616191783e-06,9.411784022057917e-06,1.2401475046634918e-05,1.0330673969474633e-05,1.0298219276765396e-05,1.2827415011579274e-05
standard_height,23.311224317527007,21.627366674328268,19.312405402539174,17.659952538528085,15.788845929720818,14.55200350500616,13.501714709781766,12.58483772014436,11.768573960438642,11.031162002595584,10.357375151717509,9.159028242671463,8.112900062019325,7.181568453172953,6.340204302290991,5.571434423209202,4.862596384290676,4.204157802769398,3.588751462706507,3.010558025783667,2.464895554945448,2.2030401123457213,1.947937573358983,1.6992107001633152,1.4565139962849931,1.2195301902939262,0.9879671974242984
2004-03-22 05:00:00,3.088561307820112e-06,5.381242787139198e-06,1.3148695270898819e-05,1.5777879934547056e-05,2.118408349249687e-05,-1.3441600625557086e-05,-5.392125982033851e-06,-1.9573835310173373e-05,-7.363474915715854e-06,-1.1870042263414575e-05,-7.919214257683608e-06,-3.67964121671435e-05,-5.985465601396877e-05,-5.6620241443045654e-05,-3.748837158389044e-05,-1.6149214139895876e-05,-9.870989022150492e-06,2.3060088811035831e-07,1.0066781689894657e-05,1.5220861921149742e-05,6.665426995065913e-06,8.85823082215552e-06,9.593188500838127e-06,6.636784216928459e-06,8.810204116943058e-06,1.0983624016957655e-05,1.443416103637433e-05
standard_height,23.311224317527007,21.627366674328268,19.312405402539174,17.659952538528085,15.788845929720818,14.55200350500616,13.501714709781766,12.58483772014436,11.768573960438642,11.031162002595584,10.357375151717509,9.159028242671463,8.112900062019325,7.181568453172953,6.340204302290991,5.571434423209202,4.862596384290676,4.204157802769398,3.588751462706507,3.010558025783667,2.464895554945448
2004-03-22 06:00:00,-9.757303479152838e-07,-3.3568609890338612e-06,2.4937364227130664e-06,3.4123415294279525e-06,3.20394912238244e-06,-2.3373634781716623e-05,-1.21734552081949e-05,-6.987952192991334e-06,-1.8024491777877674e-06,-7.1582237319965895e-06,-1.2376359576041658e-05,-2.2812631264131796e-05,-4.505993456327634e-05,-6.0414821309629865e-05,-5.4351115269918124e-05,-3.531838551549354e-05,-2.3083329342371973e-05,-6.360007672653863e-06,3.125905233326425e-06,6.842169478447571e-06,-2.910983674717709e-06
standard_height,23.311224317527007,21.627366674328268,19.312405402539174,17.659952538528085,15.788845929720818,14.55200350500616,13.501714709781766,12.58483772014436,11.768573960438642,11.031162002595584,10.357375151717509,9.159028242671463,8.112900062019325,7.181568453172953,6.340204302290991,5.571434423209202,4.862596384290676,4.204157802769398,3.588751462706507,3.010558025783667,2.464895554945448,2.2030401123457213,1.947937573358983,1.6992107001633152,1.4565139962849931,1.2195301902939262
2004-03-22 07:00:00,-3.7850742560688695e-06,-4.606264984079152e-06,-9.478039871905009e-06,-1.909767651772395e-05,-2.316998971225536e-06,-1.484498456032721e-05,-9.903732922450493e-06,-4.2479252490529015e-06,6.343454618640687e-06,7.469366711101996e-06,1.0919826104140617e-05,-1.6439084926489076e-06,-2.7512295428954077e-05,-2.4485067591733934e-05,-2.1457839754513788e-05,-8.353698055061431e-06,3.49724806744618e-06,6.934210908404505e-06,1.0925424695410847e-05,1.491663848241719e-05,1.8907852269423533e-05,2.0950203317523876e-05,2.1279616344883684e-05,2.0589168683388806e-05,2.003590649591071e-05,1.8648559705531378e-05
standard_height,23.311224317527007,21.627366674328268,19.312405402539174,17.659952538528085,15.788845929720818,14.55200350500616,13.501714709781766,12.58483772014436,11.768573960438642,11.031162002595584,10.357375151717509,9.159028242671463,8.112900062019325,7.181568453172953,6.340204302290991,5.571434423209202,4.862596384290676,4.204157802769398,3.588751462706507,3.010558025783667,2.464895554945448,2.2030401123457213,1.947937573358983,1.6992107001633152,1.4565139962849931,1.2195301902939262
2004-03-22 08:00:00,-6.137013300815745e-06,7.13957625368711e-06,1.1711754073488334e-05,1.0567018348495465e-05,3.23519779739355e-05,9.034239487657473e-06,-4.630986212695069e-06,-8.570760099267452e-06,-1.1966055419910027e-05,-1.4901641621528598e-05,-4.601566986037526e-06,-1.0510642559331392e-05,-2.880867058340179e-05,-3.8863115074536573e-05,-4.891755956567135e-05,-3.520111274908169e-05,-1.914996657740546e-05,-6.71632798749795e-06,7.65572701242262e-07,4.754740473799718e-06,8.743908246357173e-06,1.3035067688751473e-05,1.4865323881550949e-05,1.5977837705792063e-05,1.316899197504953e-05,1.0360146244306998e-05
standard_height,23.311224317527007,21.627366674328268,19.312405402539174,17.659952538528085,15.788845929720818,14.55200350500616,13.501714709781766,12.58483772014436,11.768573960438642,11.031162002595584,10.357375151717509,9.159028242671463,8.112900062019325,7.181568453172953,6.340204302290991,5.571434423209202,4.862596384290676,4.204157802769398,3.588751462706507,3.010558025783667,2.464895554945448,2.2030401123457213,1.947937573358983,1.6992107001633152,1.4565139962849931,1.2195301902939262,0.9879671974242984
2004-03-22 09:00:00,-1.2192642188282734e-06,-1.6371570611050395e-06,4.22891809524438e-06,-9.834325332554522e-06,1.5241157376125051e-05,-8.689836291166708e-07,-8.811209313805896e-06,-4.607100011075678e-06,-5.601921029027972e-06,-4.13039154274927e-06,-2.658862056470569e-06,-1.3696599993391485e-05,-2.604965931767858e-05,-3.973695219267196e-05,-4.976356875379835e-05,-4.394392103934422e-05,-3.769025401587684e-05,-2.3830882384824964e-05,-1.4166437876758466e-05,-1.490182027943341e-05,-1.748268789465045e-05,-1.4316501011599376e-05,-1.11503141285483e-05,-7.984127245497225e-06,-4.025795241482057e-06,-6.746323746688951e-08,-8.463765586237561e-07
standard_height,23.311224317527007,21.627366674328268,19.312405402539174,17.659952538528085,15.788845929720818,14.55200350500616,13.501714709781766,12.58483772014436,11.768573960438642,11.031162002595584,10.357375151717509,9.159028242671463,8.112900062019325,7.181568453172953,6.340204302290991,5.571434423209202,4.862596384290676,4.204157802769398,3.588751462706507,3.010558025783667,2.464895554945448,2.2030401123457213,1.947937573358983,1.6992107001633152,1.4565139962849931,1.2195301902939262,0.9879671974242984,0.7615554828072778
2004-03-22 10:00:00,-1.0458304960923144e-05,-7.757501393452414e-06,-1.4557752205772045e-06,-1.245583124945285e-05,-7.34691636731761e-06,-8.147597620881943e-06,-9.801230658300434e-06,-6.420025017063467e-07,-8.943477127169009e-07,-2.2120087520023007e-06,5.091207514980562e-06,-1.0277053624831723e-05,-2.0146060857755396e-05,-2.9257531457924152e-05,-3.181055179879685e-05,-3.436357213966954e-05,-2.3499131655247376e-05,-9.527359192477318e-06,2.348452190169379e-07,-3.5337597028793784e-07,-8.925302861607715e-08,2.7672202977266956e-06,5.623693624069468e-06,7.867933871249433e-06,9.695762737255806e-06,1.0522730441962897e-05,1.09973721132181e-05,1.1472013784473306e-05
standard_height,23.311224317527007,21.627366674328268,19.312405402539174,17.659952538528085,15.788845929720818,14.55200350500616,13.501714709781766,12.58483772014436,11.768573960438642,11.031162002595584,10.357375151717509,9.159028242671463,8.112900062019325,7.181568453172953,6.340204302290991,5.571434423209202,4.862596384290676,4.204157802769398,3.588751462706507,3.010558025783667,2.464895554945448,2.2030401123457213,1.947937573358983,1.6992107001633152,1.4565139962849931,1.2195301902939262,0.9879671974242984,0.7615554828072778,0.5400457639046174,0.3232070008045167
2004-03-22 11:00:00,3.838883051692909e-06,3.3865663871290692e-06,1.1560330793076019e-05,1.0977815577652353e-05,2.035682818011092e-05,9.853156525645684e-06,-2.048698788245583e-07,-2.940229999557349e-06,-6.380882294244109e-06,-1.6225718518522934e-05,-9.254199167319625e-06,-7.675098947010882e-07,-3.298681415146449e-06,6.12493677097171e-06,7.448753629975543e-06,-3.7100550731922822e-06,-1.6011929916863518e-06,7.856509723602049e-07,8.272372006193765e-07,7.888065595660959e-07,7.503759185128153e-07,2.2728222107599893e-06,5.418469679616307e-06,8.564117148472626e-06,1.0985270892558106e-05,7.5964107047226145e-06,-2.6282353247666067e-06,-1.2852881354255828e-05,-2.3077527383745046e-05,-3.330217341323427e-05
standard_height,23.311224317527007,21.627366674328268,19.312405402539174,17.659952538528085,15.788845929720818,14.55200350500616,13.501714709781766,12.58483772014436,11.768573960438642,11.031162002595584,10.357375151717509,9.159028242671463,8.112900062019325,7.181568453172953,6.340204302290991,5.571434423209202,4.862596384290676,4.204157802769398,3.588751462706507,3.010558025783667,2.464895554945448,2.2030401123457213,1.947937573358983,1.6992107001633152,1.4565139962849931,1.2195301902939262,0.9879671974242984,0.7615554828072778,0.5400457639046174,0.3232070008045167
2004-03-22 12:00:00,-8.842284226867786e-06,-4.657063542918578e-06,-1.82543951711301e-07,3.3092479959494415e-06,-1.2827108556121817e-05,-5.511815615961397e-06,-7.943509659537506e-06,3.909155720096986e-06,3.193137927582719e-07,-2.542477784983745e-06,-5.873382853595033e-06,-1.2535192990817608e-05,-1.8486823270612333e-05,-2.4671137108217295e-05,-3.546543986482104e-05,-4.625974262142478e-05,-3.3065866101233005e-05,-1.5808399539239833e-05,-1.5478414802064517e-06,-6.025186527943331e-06,-7.793527171636381e-06,-4.135433544269672e-06,1.551837601167025e-06,4.939986163413465e-06,3.966896446354486e-06,2.9938067292955063e-06,1.5185426539134594e-06,4.32785785314123e-08,-4.319790303268568e-06,-4.006939387668859e-06
standard_height,23.311224317527007,21.627366674328268,19.312405402539174,17.659952538528085,15.788845929720818,14.55200350500616,13.501714709781766,12.58483772014436,11.768573960438642,11.031162002595584,10.357375151717509,9.159028242671463,8.112900062019325,7.181568453172953,6.340204302290991,5.571434423209202,4.862596384290676,4.204157802769398,3.588751462706507,3.010558025783667,2.464895554945448,2.2030401123457213,1.947937573358983,1.6992107001633152,1.4565139962849931,1.2195301902939262,0.9879671974242984,0.7615554828072778
2004-03-22 13:00:00,-4.6426034169623786e-07,2.3815286054230752e-07,-2.1859880502305514e-07,3.208401848771944e-06,2.004996662771839e-06,1.900467417014626e-07,-1.629665445619792e-06,-1.0806057124794811e-07,-7.289683973816532e-07,-2.9020004753664333e-06,-4.675092430958569e-06,5.66821712595407e-06,5.959878978726511e-06,1.4836133236964074e-05,1.4206105159456727e-05,8.712263131063366e-06,7.497903832033465e-06,7.635936575338392e-06,8.049228637779764e-06,6.267036759613691e-06,9.807220133835191e-06,1.3245238478204201e-05,1.639270393017728e-05,1.7253269769194422e-05,1.3388462691329016e-05,1.021666877701521e-05,8.244157092169701e-06,6.271645407324193e-06
standard_height,23.311224317527007,21.627366674328268,19.312405402539174,17.659952538528085,15.788845929720818,14.55200350500616,13.501714709781766,12.58483772014436,11.768573960438642,11.031162002595584,10.357375151717509,9.159028242671463,8.112900062019325,7.181568453172953,6.340204302290991,5.571434423209202,4.862596384290676,4.204157802769398,3.588751462706507,3.010558025783667,2.464895554945448,2.2030401123457213,1.947937573358983,1.6992107001633152,1.4565139962849931,1.2195301902939262,0.9879671974242984,0.7615554828072778,0.5400457639046174
2004-03-22 14:00:00,3.5745427747465065e-07,-9.22453124259291e-07,-1.8011405842598158e-06,6.053520121325573e-06,-4.3351420576928e-06,-1.333119403783958e-06,-3.686973051535619e-06,7.722078415628227e-07,1.234657215773331e-06,-1.0627810617728179e-06,-6.351104668799017e-07,1.4563574522056932e-06,-1.8459616707430324e-06,5.158179859451658e-06,1.3051889955938895e-06,-4.217946806561729e-06,2.412121509990953e-06,7.504168959030135e-06,1.1143634733891906e-05,1.0092494427470719e-05,1.3066643650074308e-05,1.655316819667792e-05,1.4682048572430933e-05,1.2810928948183946e-05,9.780525041986163e-06,7.798525810978561e-06,5.167531474165225e-06,2.53653713735189e-06,-1.9773491752774296e-05
standard_height,23.311224317527007,21.627366674328268,19.312405402539174,17.659952538528085,15.788845929720818,14.55200350500616,13.501714709781766,12.58483772014436,11.768573960438642,11.031162002595584,10.357375151717509,9.159028242671463,8.112900062019325,7.181568453172953,6.340204302290991,5.571434423209202,4.862596384290676,4.204157802769398,3.588751462706507,3.010558025783667,2.464895554945448,2.2030401123457213,1.947937573358983,1.6992107001633152,1.4565139962849931,1.2195301902939262,0.9879671974242984,0.7615554828072778,0.5400457639046174,0.3232070008045167
2004-03-22 15:00:00,4.266269955688756e-06,1.1262208783587204e-06,4.945648106996594e-07,1.3852725522846501e-05,3.8869260819720915e-06,3.4360541662738703e-06,-1.1783963009084215e-07,2.0272273365955915e-06,-4.135107086584057e-08,-4.742550834419328e-06,-4.335642867852413e-06,5.499655173381463e-06,2.214458831543627e-06,1.0000524845617973e-05,8.5637846122577e-06,7.127044378897427e-06,8.2434909598599e-06,9.831160842086228e-06,7.0596142778795795e-06,6.3182177809531675e-06,7.781676837435137e-06,8.379038829316777e-06,7.552015931375322e-06,6.724993033433868e-06,7.036415013098147e-06,8.452436983526551e-06,4.31458893918113e-06,1.7674089483570975e-07,-3.385051022513245e-05,-6.787776134510061e-05
standard_height,23.311224317527007,21.627366674328268,19.312405402539174,17.659952538528085,15.788845929720818,14.55200350500616,13.501714709781766,12.58483772014436,11.768573960438642,11.031162002595584,10.357375151717509,9.159028242671463,8.112900062019325,7.181568453172953,6.340204302290991,5.571434423209202,4.862596384290676,4.204157802769398,3.588751462706507,3.010558025783667,2.464895554945448,2.2030401123457213,1.947937573358983,1.6992107001633152,1.4565139962849931,1.2195301902939262,0.9879671974242984,0.7615554828072778,0.5400457639046174
2004-03-22 16:00:00,2.146808826291922e-06,-3.176737621191877e-06,-8.326893320044436e-07,1.3460171832018474e-05,5.507295843787835e-06,5.780147195274253e-07,-1.8309738793419639e-06,4.922670473318862e-07,-1.2866776516389803e-06,4.105657702994174e-07,-1.3241524663460876e-07,5.243338968873389e-06,3.854414521990831e-06,1.225200563927692e-05,1.3332726643009756e-05,7.178805485052514e-06,7.988621315108487e-06,9.26658728204657e-06,8.058665438354985e-06,8.204160823864534e-06,8.349656209374082e-06,9.26578751794211e-06,1.0986333177841168e-05,9.817497282460679e-06,1.0079360725720729e-05,1.0556300300681124e-05,6.3355001825635155e-06,3.1619093992909898e-06,-2.4767343479411195e-05
standard_height,23.311224317527007,21.627366674328268,19.312405402539174,17.659952538528085,15.788845929720818,14.55200350500616,13.501714709781766,12.58483772014436,11.768573960438642,11.031162002595584,10.357375151717509,9.159028242671463,8.112900062019325,7.181568453172953,6.340204302290991,5.571434423209202,4.862596384290676,4.204157802769398,3.588751462706507,3.010558025783667,2.464895554945448,2.2030401123457213,1.947937573358983,1.6992107001633152,1.4565139962849931,1.2195301902939262,0.9879671974242984,0.7615554828072778,0.5400457639046174
2004-03-22 17:00:00,-7.937234266460324e-07,-4.903789879000899e-06,-2.8716439947908686e-06,9.333813871027601e-06,4.016945464752628e-06,-3.8130118837718793e-06,-1.248589482157087e-06,-2.2403864223195056e-07,2.449293462654638e-08,3.454420499895563e-06,5.189467659827874e-06,1.3474941822212052e-05,6.941795567398996e-06,1.053665831765155e-05,1.2999337671446287e-05,9.176331777446799e-06,9.715651461430888e-06,1.1627141535555254e-05,8.992978235766903e-06,8.386861442523906e-06,1.0802004523200373e-05,1.1967534326913697e-05,1.3529182444621079e-05,1.5502304595303388e-05,1.5483602267910108e-05,1.9525992317775032e-05,1.445018636302387e-05,-6.063121912539364e-06,-2.65764301881026e-05
standard_height,23.311224317527007,21.627366674328268,19.312405402539174,17.659952538528085,15.788845929720818,14.55200350500616,13.501714709781766,12.58483772014436,11.768573960438642,11.031162002595584,10.357375151717509,9.159028242671463,8.112900062019325,7.181568453172953,6.340204302290991,5.571434423209202,4.862596384290676,4.204157802769398,3.588751462706507,3.010558025783667,2.464895554945448,2.2030401123457213,1.947937573358983,1.6992107001633152,1.4565139962849931,1.2195301902939262,0.9879671974242984,0.7615554828072778,0.5400457639046174
2004-03-22 18:00:00,5.026985653376286e-07,-1.0206410633319533e-07,9.182110594028755e-06,2.1098556838147424e-05,6.64994363376438e-06,2.385994115941669e-06,-4.817707707106251e-07,-2.637160760201336e-06,-1.7139275643096143e-06,1.7104133422272438e-06,-2.8400741494435703e-06,5.833509182091309e-06,8.263682317774061e-07,2.9275603674476557e-06,5.028752503117905e-06,7.1299446387881545e-06,9.471970761869678e-06,1.1165182894772832e-05,1.0319993763838471e-05,8.264553895576968e-06,7.809968212088607e-06,8.280224312988806e-06,9.557965530288734e-06,1.0659579368391411e-05,1.2986166702452681e-05,1.8150473497305144e-05,1.4512288064696092e-05,1.0874102632087043e-05,-1.9051491822950463e-05
standard_height,23.311224317527007,21.627366674328268,19.312405402539174,17.659952538528085,15.788845929720818,14.55200350500616,13.501714709781766,12.58483772014436,11.768573960438642,11.031162002595584,10.357375151717509,9.159028242671463,8.112900062019325,7.181568453172953,6.340204302290991,5.571434423209202,4.862596384290676,4.204157802769398,3.588751462706507,3.010558025783667,2.464895554945448,2.2030401123457213,1.947937573358983,1.6992107001633152,1.4565139962849931,1.2195301902939262,0.9879671974242984,0.7615554828072778,0.5400457639046174,0.3232070008045167
2004-03-22 19:00:00,-2.3867610127298593e-06,-8.816492931547172e-06,-4.786288218628208e-06,1.4665815840328274e-06,-8.666118122568433e-06,-5.713110753658771e-06,-3.8497855663276894e-06,-2.0825401346017475e-06,-3.1529470287580604e-07,3.162288775058436e-06,7.049663066408248e-06,3.2031797757800285e-06,-1.1775282630108078e-06,6.500415081155923e-06,1.4178358425322656e-05,9.568757428326521e-06,8.033238420677568e-06,1.0504805071022244e-05,7.331699306660093e-06,5.554347231926593e-06,6.206565173424765e-06,5.655992810726966e-06,8.49060932218442e-06,1.1076666487118208e-05,1.1940877717703757e-05,1.8149337669958572e-05,1.7941645155546377e-05,1.7135972215057176e-06,-1.4514450712534942e-05,-8.36684720571291e-05
standard_height,23.311224317527007,21.627366674328268,19.312405402539174,17.659952538528085,15.788845929720818,14.55200350500616,13.501714709781766,12.58483772014436,11.768573960438642,11.031162002595584,10.357375151717509,9.159028242671463,8.112900062019325,7.181568453172953,6.340204302290991,5.571434423209202,4.862596384290676,4.204157802769398,3.588751462706507,3.010558025783667,2.464895554945448,2.2030401123457213,1.947937573358983,1.6992107001633152,1.4565139962849931,1.2195301902939262,0.9879671974242984,0.7615554828072778,0.5400457639046174,0.3232070008045167
2004-03-22 20:00:00,-5.2768998658034074e-06,-5.0255302041444524e-06,-1.822415556146484e-06,7.325263902034815e-06,9.9375786350656e-07,-4.077559397831029e-06,-1.3867738902049887e-06,-1.3267572694219931e-06,-1.7833890105498547e-06,-4.761228094298707e-06,1.2035542347778232e-06,6.1756987009197685e-06,3.655709045576797e-06,7.330547554914205e-06,1.1215324782887613e-05,7.854144389704184e-06,7.405382958702833e-06,9.998303397310625e-06,6.662828666962916e-06,7.153775539896088e-06,7.64472241282926e-06,8.214038354011452e-06,9.645005791657081e-06,1.171907468769048e-05,1.6273767591745985e-05,2.5178336556714388e-05,2.522385201908133e-05,1.6896863202763665e-05,-1.4950079941579609e-05,-9.58715788900596e-05
standard_height,23.311224317527007,21.627366674328268,19.312405402539174,17.659952538528085,15.788845929720818,14.55200350500616,13.501714709781766,12.58483772014436,11.768573960438642,11.031162002595584,10.357375151717509,9.159028242671463,8.112900062019325,7.181568453172953,6.340204302290991,5.571434423209202,4.862596384290676,4.204157802769398,3.588751462706507,3.010558025783667,2.464895554945448,2.2030401123457213,1.947937573358983,1.6992107001633152,1.4565139962849931,1.2195301902939262,0.9879671974242984,0.7615554828072778,0.5400457639046174,0.3232070008045167
2004-03-22 21:00:00,-9.9566419967988e-06,-8.87498555570641e-06,1.0383810004653942e-06,1.014971804330647e-05,5.1267038876690415e-06,-1.324847686222131e-07,5.823720626461432e-07,-8.557016469042491e-07,-3.2380926055351966e-06,-5.329101345404002e-06,1.4307148615693623e-06,5.577862619706519e-06,8.09901952829713e-06,6.542154691519312e-06,1.097117096102253e-05,5.9733899873405255e-06,4.457419160143021e-06,6.721593324075176e-06,4.7990777219907595e-06,3.833726651911014e-06,5.850605663484043e-06,5.6823421091760016e-06,7.128967178404733e-06,8.575592247633463e-06,1.5950230708515505e-05,2.335216022856982e-05,2.4098949353001006e-05,1.4110589207198003e-05,-4.177021343156535e-05,-9.76510160703287e-05
standard_height,23.311224317527007,21.627366674328268,19.312405402539174,17.659952538528085,15.788845929720818,14.55200350500616,13.501714709781766,12.58483772014436,11.768573960438642,11.031162002595584,10.357375151717509,9.159028242671463,8.112900062019325,7.181568453172953,6.340204302290991,5.571434423209202,4.862596384290676,4.204157802769398,3.588751462706507,3.010558025783667,2.464895554945448,2.2030401123457213,1.947937573358983,1.6992107001633152,1.4565139962849931,1.2195301902939262,0.9879671974242984,0.7615554828072778,0.5400457639046174,0.3232070008045167
2004-03-22 22:00:00,-1.2477587972145909e-05,-8.467829979489788e-06,2.0022694291452457e-06,4.275980546828757e-06,3.5467460254470003e-06,-2.902297299087579e-07,4.848817975153095e-07,-2.199155716799433e-06,-4.083411098228172e-06,-2.579529054492107e-06,1.0424229432131995e-07,5.494015052196661e-06,4.832257031366142e-06,6.206507109586413e-06,6.4486449996436365e-06,4.827042962569308e-06,4.142781396201969e-06,5.24249174283158e-06,4.08106312943512e-06,4.651004899984921e-06,5.220946670534721e-06,6.004577039196483e-06,7.661806065168164e-06,9.319035091139843e-06,1.2599167873455467e-05,1.8680906699349757e-05,1.727239479917008e-05,1.586388289899041e-05,-1.4774770232442672e-05,-6.92222870464684e-05
standard_height,23.311224317527007,21.627366674328268,19.312405402539174,17.659952538528085,15.788845929720818,14.55200350500616,13.501714709781766,12.58483772014436,11.768573960438642,11.031162002595584,10.357375151717509,9.159028242671463,8.112900062019325,7.181568453172953,6.340204302290991,5.571434423209202,4.862596384290676,4.204157802769398,3.588751462706507,3.010558025783667,2.464895554945448,2.2030401123457213,1.947937573358983,1.6992107001633152,1.4565139962849931,1.2195301902939262,0.9879671974242984,0.7615554828072778
2004-03-22 23:00:00,-5.294639214585062e-06,-3.180019438124442e-06,-8.176116513001423e-07,4.210611765877396e-06,5.055247272967055e-07,-5.4973026257553225e-06,1.015599360225119e-07,-1.498278046675171e-06,-2.2106254486220462e-06,-2.9939191210299236e-07,1.6118416244160617e-06,6.815351391714429e-06,7.622458112047296e-06,8.867028781761508e-06,1.1014477658585411e-05,7.609054108544804e-06,5.2440135587715415e-06,6.454079221097238e-06,4.344679361632803e-06,4.701185238415106e-06,5.0576911151974094e-06,6.433806060275685e-06,9.04736395522057e-06,1.1660921850165456e-05,1.4491038260500373e-05,2.512376566972749e-05,2.5823925307078358e-05,2.2023742723195215e-05
standard_height,23.311224317527007,21.627366674328268,19.312405402539174,17.659952538528085,15.788845929720818,14.55200350500616,13.501714709781766,12.58483772014436,11.768573960438642,11.031162002595584,10.357375151717509,9.159028242671463,8.112900062019325,7.181568453172953,6.340204302290991,5.571434423209202,4.862596384290676,4.204157802769398,3.588751462706507,3.010558025783667,2.464895554945448,2.2030401123457213,1.947937573358983,1.6992107001633152,1.4565139962849931,1.2195301902939262,0.9879671974242984,0.7615554828072778,0.5400457639046174,0.3232070008045167
2004-03-23 00:00:00,1.5213163550276708e-05,1.1066302595368996e-05,6.169257882953035e-07,6.146502656520756e-06,6.791683484832069e-06,3.2829738238389267e-07,-3.7738282793520404e-07,-3.7871608491271736e-06,-3.792627555533151e-06,-8.120439314994625e-06,1.605989221046155e-06,8.873256021297105e-06,1.134334000074036e-05,1.3813423980183618e-05,1.6283507959626875e-05,9.329303971420673e-06,6.512030713777753e-06,7.632506609768085e-06,4.588276821143428e-06,4.150048184595727e-06,4.532872282940531e-06,5.408350776034226e-06,9.518828093350506e-06,1.1054572845809475e-05,1.8454876202268943e-05,3.101135868861155e-05,1.7780402230283426e-05,4.549445771955302e-06,-8.681510686372822e-06,-8.72638932456193e-05
