Time,10.0,20.0,30.0,50.0,70.0,100.0,125.0,150.0,175.0,200.0,225.0,250.0,300.0,350.0,400.0,450.0,500.0,550.0,600.0,650.0,700.0,750.0,775.0,800.0,825.0,850.0,875.0,900.0,925.0,950.0,975.0,1000.0
2004-03-21 13:00:00,25.90537916874216,23.311224317527007,21.627366674328268,19.312405402539174,17.659952538528085,15.788845929720818,14.55200350500616,13.501714709781766,12.58483772014436,11.768573960438642,11.031162002595584,10.357375151717509,9.159028242671463,8.112900062019325,7.181568453172953,6.340204302290991,5.571434423209202,4.862596384290676,4.204157802769398,3.588751462706507,3.010558025783667,2.464895554945448,2.2030401123457213,1.947937573358983,1.6992107001633152,1.4565139962849931,1.2195301902939262,0.9879671974242984,0.7615554828072778,0.5400457639046174,0.3232070008045167,0.11082463191827029,-3.190737893560398e-05,-3.4931865084088e-05,-2.804946368300532e-05,-4.149815730720585e-05,-2.70986653107074e-05,-2.4185553141782056e-05,-2.586127431860687e-05,-3.1001153020598136e-05,-5.4543625953134794e-05,-1.2913391188160025e-05,-3.7559526924239485e-06,-6.706685944291544e-06,-1.9349145223923104e-05,5.7167803794116836e-06,1.8082752038358752e-05,2.2197423758732424e-05,1.4341069521824967e-05,2.8499664156541734e-06,-6.3605509327590694e-06,-9.479196406695532e-06,-1.3024019599229055e-05,-7.46906798509908e-06,-2.314149475170247e-06,5.6641903104072015e-06,8.247525445951736e-07,-3.04177362078216e-05,-5.7965053213801934e-05,-5.636151834904537e-05,-3.190853925228088e-05,-1.1753681687489401e-05,-4.6905849696066206e-05,-0.00015265330109941305
2004-03-21 14:00:00,25.90537916874216,23.311224317527007,21.627366674328268,19.312405402539174,17.659952538528085,15.788845929720818,14.55200350500616,13.501714709781766,12.58483772014436,11.768573960438642,11.031162002595584,10.357375151717509,9.159028242671463,8.112900062019325,7.181568453172953,6.340204302290991,5.571434423209202,4.862596384290676,4.204157802769398,3.588751462706507,3.010558025783667,2.464895554945448,2.2030401123457213,1.947937573358983,1.6992107001633152,1.4565139962849931,1.2195301902939262,0.9879671974242984,0.7615554828072778,0.5400457639046174,0.3232070008045167,0.11082463191827029,1.8106954720714428e-05,-7.2043123085646745e-06,-2.97880502142591e-08,4.944699029999744e-06,-5.8808173199880355e-06,-4.2823098640951835e-06,1.5032183858126336e-06,-1.7690585806588898e-05,2.121095112036861e-05,1.256863411436923e-05,3.3566257276724746e-07,-7.305491077498905e-07,-7.975551024368157e-06,7.541930044029482e-06,1.3198402431289943e-05,1.332433755594679e-05,1.0947517712229181e-05,8.27494809803048e-06,3.5993517392484116e-06,2.165746586604097e-06,4.9179545380396126e-06,1.3284220076220736e-05,1.3377873333246044e-05,1.582619850684931e-05,1.0644428582621817e-05,-3.4149383232413746e-06,-4.270583697280363e-06,1.2053335700251036e-05,3.963160417474997e-05,6.780970567475428e-05,6.510907731078401e-05,1.346942976379887e-05
2004-03-21 15:00:00,25.90537916874216,23.311224317527007,21.627366674328268,19.312405402539174,17.659952538528085,15.788845929720818,14.55200350500616,13.501714709781766,12.58483772014436,11.768573960438642,11.031162002595584,10.357375151717509,9.159028242671463,8.112900062019325,7.181568453172953,6.340204302290991,5.571434423209202,4.862596384290676,4.204157802769398,3.588751462706507,3.010558025783667,2.464895554945448,2.2030401123457213,1.947937573358983,1.6992107001633152,1.4565139962849931,1.2195301902939262,0.9879671974242984,0.7615554828072778,0.5400457639046174,0.3232070008045167,0.11082463191827029,2.488633018412335e-05,-5.666881176387461e-06,-9.55518813319874e-06,-9.804463033544671e-06,-8.135127562270828e-06,-1.3761697471784434e-05,-6.892591752738675e-07,2.425326347240537e-05,2.0582490927815117e-05,1.6692283902149987e-05,-3.538430151961142e-06,-8.392169595660785e-06,-8.614311577300247e-07,9.059192849073923e-06,7.234477025634719e-06,1.981263350024139e-05,1.706011226505001e-05,1.093382047170471e-05,7.977488236224741e-06,6.20686369901406e-06,1.1623472403823442e-05,7.281371196653499e-06,8.933558208452745e-06,1.0023894070809377e-05,3.1265144882395893e-06,9.358488174392426e-06,3.815109721299145e-05,6.98420989132484e-05,9.54006236244162e-05,0.00012497039284629696,0.00012882574345331072,0.0001089937248678282
2004-03-21 16:00:00,25.90537916874216,23.311224317527007,21.627366674328268,19.312405402539174,17.659952538528085,15.788845929720818,14.55200350500616,13.501714709781766,12.58483772014436,11.768573960438642,11.031162002595584,10.357375151717509,9.159028242671463,8.112900062019325,7.181568453172953,6.340204302290991,5.571434423209202,4.862596384290676,4.204157802769398,3.588751462706507,3.010558025783667,2.464895554945448,2.2030401123457213,1.947937573358983,1.6992107001633152,1.4565139962849931,1.2195301902939262,0.9879671974242984,0.7615554828072778,0.5400457639046174,0.3232070008045167,0.11082463191827029,-6.534371772876726e-06,-7.852715170299082e-06,-1.979136495121292e-06,-1.3619103004520621e-05,-8.949020459174941e-06,-1.586656411477313e-05,-1.5970067919988367e-05,-1.407426844495804e-05,1.49424495005457e-05,7.2217578145544116e-06,3.082821392214975e-06,-5.434333398268285e-07,5.034611746781865e-06,6.248017289607354e-06,4.465343667199568e-06,1.9881998619310743e-05,1.752268204840789e-05,8.909644266115211e-06,4.610863814991991e-06,1.138820556361837e-06,9.002797928516847e-06,6.817449568781982e-06,6.180819892222222e-06,8.235201054434159e-06,1.6528127733195286e-05,3.261939466591119e-05,7.861074738717455e-05,0.0001115959391025996,0.00013107299189526707,0.00014362628542594465,0.00014422414429720998,0.000142661584557821
2004-03-21 17:00:00,25.90537916874216,23.311224317527007,21.627366674328268,19.312405402539174,17.659952538528085,15.788845929720818,14.55200350500616,13.501714709781766,12.58483772014436,11.768573960438642,11.031162002595584,10.357375151717509,9.159028242671463,8.112900062019325,7.181568453172953,6.340204302290991,5.571434423209202,4.862596384290676,4.204157802769398,3.588751462706507,3.010558025783667,2.464895554945448,2.2030401123457213,1.947937573358983,1.6992107001633152,1.4565139962849931,1.2195301902939262,0.9879671974242984,0.7615554828072778,0.5400457639046174,0.3232070008045167,0.11082463191827029,9.13303507232542e-06,-1.2570873053168934e-05,-8.233976287023638e-06,-2.141360987853356e-06,-9.423679618746335e-06,-6.7442732535103825e-06,-9.715393417331992e-06,-1.3336113971936615e-05,3.7695960239128734e-05,3.1088697231441817e-05,5.468302887516596e-06,-4.8222907984728005e-06,2.215165646426254e-06,5.651928262216234e-06,1.0965010942726874e-05,1.14023988841931e-05,1.2512459557937325e-05,8.14022555228667e-06,2.8879410374313448e-06,2.3470211157398055e-06,-7.169252219164434e-06,1.4266470633211868e-06,6.01254045791807e-06,1.0899815439250114e-05,2.2621263618934762e-05,3.9182393890027717e-05,8.490248109943814e-05,0.00011379084536692596,0.00012251360599451722,0.00012391577223733123,0.00011466091038218158,0.00012104853796440224
2004-03-21 18:00:00,25.90537916874216,23.311224317527007,21.627366674328268,19.312405402539174,17.659952538528085,15.788845929720818,14.55200350500616,13.501714709781766,12.58483772014436,11.768573960438642,11.031162002595584,10.357375151717509,9.159028242671463,8.112900062019325,7.181568453172953,6.340204302290991,5.571434423209202,4.862596384290676,4.204157802769398,3.588751462706507,3.010558025783667,2.464895554945448,2.2030401123457213,1.947937573358983,1.6992107001633152,1.4565139962849931,1.2195301902939262,0.9879671974242984,0.7615554828072778,0.5400457639046174,0.3232070008045167,0.11082463191827029,2.609537307176916e-06,2.751390022459669e-08,-1.1395763874500897e-05,-1.3049943910097208e-05,-1.731671784676101e-05,1.3049175177502402e-08,-1.2558397231507442e-05,-1.063943095555177e-05,3.21237443640887e-05,3.21339993974896e-05,-7.241239257364251e-06,-1.5601937101292044e-05,-5.035624830621871e-06,-1.1449152704434465e-06,-3.9776274850858785e-06,1.837792394786184e-05,7.751480607975217e-06,1.5095997507433788e-06,1.758542494033978e-06,8.247680703759395e-08,-4.758699168688367e-06,3.176070594695924e-06,1.2078280352358443e-05,1.1189684548420779e-05,1.2356958167605366e-05,2.9484141826695036e-05,5.7299802376374023e-05,7.652383582020786e-05,7.790922971855221e-05,7.374559092288129e-05,6.325596176271696e-05,7.260527851854605e-05
2004-03-21 19:00:00,25.90537916874216,23.311224317527007,21.627366674328268,19.312405402539174,17.659952538528085,15.788845929720818,14.55200350500616,13.501714709781766,12.58483772014436,11.768573960438642,11.031162002595584,10.357375151717509,9.159028242671463,8.112900062019325,7.181568453172953,6.340204302290991,5.571434423209202,4.862596384290676,4.204157802769398,3.588751462706507,3.010558025783667,2.464895554945448,2.2030401123457213,1.947937573358983,1.6992107001633152,1.4565139962849931,1.2195301902939262,0.9879671974242984,0.7615554828072778,0.5400457639046174,0.3232070008045167,0.11082463191827029,2.3576590180932817e-06,-7.002898275484002e-06,-1.02605812474506e-05,-9.778649707252244e-06,-9.677344101254947e-06,-1.2232941044598202e-05,-2.0184005197546785e-05,-1.740404130307448e-05,3.730593430566507e-07,3.426301154276443e-05,-9.905182448709912e-06,-1.2226234607169478e-05,3.027719944512513e-06,-1.4025971485495293e-06,-9.316034754107837e-06,1.2032555717084264e-05,1.3304273210343292e-05,5.7295552985069615e-06,1.2949178148770854e-06,2.562022614441196e-06,-5.137817792283654e-06,1.1212647294264657e-06,1.5618189822140288e-05,9.225098497310564e-06,1.0772657315040781e-05,2.2529536609633356e-05,3.132920729637316e-05,4.795486537245071e-05,3.9679419612192836e-05,3.276361889890891e-05,1.7774017295962662e-05,3.351337376325574e-05
2004-03-21 20:00:00,25.90537916874216,23.311224317527007,21.627366674328268,19.312405402539174,17.659952538528085,15.788845929720818,14.55200350500616,13.501714709781766,12.58483772014436,11.768573960438642,11.031162002595584,10.357375151717509,9.159028242671463,8.112900062019325,7.181568453172953,6.340204302290991,5.571434423209202,4.862596384290676,4.204157802769398,3.588751462706507,3.010558025783667,2.464895554945448,2.2030401123457213,1.947937573358983,1.6992107001633152,1.4565139962849931,1.2195301902939262,0.9879671974242984,0.7615554828072778,0.5400457639046174,0.3232070008045167,0.11082463191827029,-2.457536528305813e-05,6.847543498679955e-06,-5.242471481922478e-06,-1.848122616420622e-05,-1.3719330890816271e-05,-1.6557284404810006e-05,-1.5561401029297554e-05,4.304840341498803e-06,6.869035995548718e-06,3.190062037315501e-05,1.463088394404338e-06,-7.301827986897578e-06,-1.3038552987182085e-05,-8.497112218993934e-06,-1.0074139898345063e-06,2.394916780708348e-06,2.12166692732376e-06,3.4511083939010237e-07,-1.0287425625658155e-06,3.555267861052392e-06,-8.751588955026155e-06,-5.325787608611536e-06,7.806636327180077e-06,7.509072290279139e-06,1.0538036028038195e-05,1.0524416401235011e-06,-3.2316164329662647e-06,-9.204978413890282e-06,-2.9774283050661153e-05,-5.7485243439466925e-05,-6.946443332534484e-05,-4.6280391923064956e-05
2004-03-21 21:00:00,25.90537916874216,23.311224317527007,21.627366674328268,19.312405402539174,17.659952538528085,15.788845929720818,14.55200350500616,13.501714709781766,12.58483772014436,11.768573960438642,11.031162002595584,10.357375151717509,9.159028242671463,8.112900062019325,7.181568453172953,6.340204302290991,5.571434423209202,4.862596384290676,4.204157802769398,3.588751462706507,3.010558025783667,2.464895554945448,2.2030401123457213,1.947937573358983,1.6992107001633152,1.4565139962849931,1.2195301902939262,0.9879671974242984,0.7615554828072778,0.5400457639046174,0.3232070008045167,0.11082463191827029,-1.7367830490464433e-06,-7.72357644448558e-06,-1.4467044546844882e-05,-1.2662904728251484e-05,-1.3506494198869023e-05,-2.120265781030314e-05,-1.5698467251315355e-05,-1.4400457384647564e-05,-1.327328448671178e-05,5.9315887041406166e-06,3.427186903372966e-06,3.3319240189463466e-06,5.207101419894851e-06,-8.258395969718726e-06,-5.0130813050031516e-06,4.893790278233396e-06,9.008921201684683e-06,9.489271757530418e-07,-4.248567008634192e-07,9.34719641185791e-07,5.129420046559925e-07,1.1681945730263224e-08,6.3152323846077155e-06,7.058173348463212e-06,1.5119957707322903e-05,-4.034919675386831e-06,-2.2549300985387235e-05,-2.343820717196496e-05,-5.844836936426021e-05,-9.679862603879402e-05,-0.00011509775952759266,-8.244541668238476e-05
2004-03-21 22:00:00,25.90537916874216,23.311224317527007,21.627366674328268,19.312405402539174,17.659952538528085,15.788845929720818,14.55200350500616,13.501714709781766,12.58483772014436,11.768573960438642,11.031162002595584,10.357375151717509,9.159028242671463,8.112900062019325,7.181568453172953,6.340204302290991,5.571434423209202,4.862596384290676,4.204157802769398,3.588751462706507,3.010558025783667,2.464895554945448,2.2030401123457213,1.947937573358983,1.6992107001633152,1.4565139962849931,1.2195301902939262,0.9879671974242984,0.7615554828072778,0.5400457639046174,0.3232070008045167,0.11082463191827029,-1.1422088342927664e-05,-3.140527273018491e-07,-1.3834152009130086e-05,-2.2177992853925883e-05,-1.960901108095862e-05,-2.0871557184142954e-05,-1.3850168858229456e-05,-8.520478750367605e-06,7.392734231583128e-06,6.787127806593171e-06,-3.3802980538842796e-06,-4.394881579834614e-06,-1.6244160353739644e-05,4.61801547343393e-06,7.898419509021243e-07,5.525073100316753e-06,-9.222355562866201e-08,1.296184547843421e-06,-1.5771949321956425e-06,7.529731437437368e-07,1.2027921268350976e-07,2.8409997098642085e-08,1.1054180025951941e-05,-7.434095946936004e-07,-3.182396136865143e-06,-4.628679666194777e-06,-3.04403494115257e-05,-2.6470065098783825e-05,-5.393939908101673e-05,-8.138545778183576e-05,-0.00011871626584695402,-8.071807723623338e-05
2004-03-21 23:00:00,25.90537916874216,23.311224317527007,21.627366674328268,19.312405402539174,17.659952538528085,15.788845929720818,14.55200350500616,13.501714709781766,12.58483772014436,11.768573960438642,11.031162002595584,10.357375151717509,9.159028242671463,8.112900062019325,7.181568453172953,6.340204302290991,5.571434423209202,4.862596384290676,4.204157802769398,3.588751462706507,3.010558025783667,2.464895554945448,2.2030401123457213,1.947937573358983,1.6992107001633152,1.4565139962849931,1.2195301902939262,0.9879671974242984,0.7615554828072778,0.5400457639046174,0.3232070008045167,0.11082463191827029,-1.171528402434934e-05,-8.040437123220847e-06,-2.2085967623686844e-05,-1.7952926086523335e-05,-2.321272989403637e-05,-2.4790686238810787e-05,-5.432620592331073e-06,-8.249775950119805e-06,1.0038502809041325e-05,1.8905556585657557e-05,-3.4335734286653467e-06,-6.021549586623013e-06,-2.6059345249419334e-05,-4.803192008794131e-06,4.9054062014930075e-06,3.0974036294291963e-07,3.364293270513e-06,-2.821667915136785e-06,-9.919099130745497e-07,-2.011275442598548e-06,-3.1320605243858786e-06,-3.8432859566548196e-06,1.193812098852514e-05,4.3689507442443945e-06,1.3185666917510668e-06,-3.1100840886677592e-06,-2.669410223190176e-05,-3.4978169556771025e-05,-3.872884698320481e-05,-4.972814358635818e-05,-8.24097126477662e-05,-3.846070764898823e-05
2004-03-22 00:00:00,25.90537916874216,23.311224317527007,21.627366674328268,19.312405402539174,17.659952538528085,15.788845929720818,14.55200350500616,13.501714709781766,12.58483772014436,11.768573960438642,11.031162002595584,10.357375151717509,9.159028242671463,8.112900062019325,7.181568453172953,6.340204302290991,5.571434423209202,4.862596384290676,4.204157802769398,3.588751462706507,3.010558025783667,2.464895554945448,2.2030401123457213,1.947937573358983,1.6992107001633152,1.4565139962849931,1.2195301902939262,0.9879671974242984,0.7615554828072778,0.5400457639046174,0.3232070008045167,0.11082463191827029,4.933035535220948e-06,-8.067183306005644e-06,-1.4369976843805712e-05,-2.333767348855718e-05,-2.4913224774783185e-05,-2.3365998916787006e-05,-3.8940678485286315e-06,-7.340565226348061e-06,1.1289861101016872e-05,1.7914740636425922e-05,-4.2028853886024e-06,-1.6825706005344355e-05,-2.014649538807643e-05,1.8530937030837004e-05,2.325625627300292e-05,3.1698226154002094e-08,-6.2012053217608805e-06,2.3706854378834406e-06,1.8110368170334548e-06,-2.08996767785203e-06,-1.0902541857430475e-05,-5.0982216695153775e-06,5.8532685015744335e-06,4.026175132311309e-06,7.596365091649658e-08,-1.7267878629610784e-07,-1.6765973320176402e-05,-1.564684269450149e-05,-2.7025609410597397e-05,-2.8073166250548176e-05,-4.912604804886742e-05,-4.849294361541123e-06
2004-03-22 01:00:00,25.90537916874216,23.311224317527007,21.627366674328268,19.312405402539174,17.659952538528085,15.788845929720818,14.55200350500616,13.501714709781766,12.58483772014436,11.768573960438642,11.031162002595584,10.357375151717509,9.159028242671463,8.112900062019325,7.181568453172953,6.340204302290991,5.571434423209202,4.862596384290676,4.204157802769398,3.588751462706507,3.010558025783667,2.464895554945448,2.2030401123457213,1.947937573358983,1.6992107001633152,1.4565139962849931,1.2195301902939262,0.9879671974242984,0.7615554828072778,0.5400457639046174,0.3232070008045167,0.11082463191827029,1.4615993643297383e-05,-9.286208232732105e-06,-1.6643738456537513e-05,-2.2083192185261874e-05,-2.5805346571443166e-05,-1.6536887604704114e-05,-1.087071579721514e-05,1.1119425132025197e-06,1.967171214395105e-05,1.990892827999031e-06,-1.0518351032846969e-05,-7.6998317567908e-06,-2.4257509623632542e-06,1.5091749635939544e-05,4.955291450165567e-06,4.358197409818607e-07,6.247511986463681e-07,-2.4174220745013907e-06,-5.5484860181987844e-06,-2.7414495207857672e-06,4.517900933350999e-06,-2.9241719964468454e-06,3.0063180751968813e-06,3.970072712556222e-06,1.1268773468571108e-08,4.682513699230938e-06,1.954000182504185e-06,-1.0847491338069356e-05,-1.5687803463670274e-05,-1.4172535098666351e-05,-3.6479734430026425e-05,1.4785210999803558e-05
2004-03-22 02:00:00,25.90537916874216,23.311224317527007,21.627366674328268,19.312405402539174,17.659952538528085,15.788845929720818,14.55200350500616,13.501714709781766,12.58483772014436,11.768573960438642,11.031162002595584,10.357375151717509,9.159028242671463,8.112900062019325,7.181568453172953,6.340204302290991,5.571434423209202,4.862596384290676,4.204157802769398,3.588751462706507,3.010558025783667,2.464895554945448,2.2030401123457213,1.947937573358983,1.6992107001633152,1.4565139962849931,1.2195301902939262,0.9879671974242984,0.7615554828072778,0.5400457639046174,0.3232070008045167,0.11082463191827029,-6.385499326596827e-07,-6.108010248063634e-06,-1.602716782297058e-05,-2.217548887375221e-05,-2.037964455928729e-05,-2.274011367545288e-05,-2.245604708538629e-05,-1.6338766342156435e-05,-5.199510522456701e-06,-6.855097391679769e-06,-1.6703166416726634e-05,-1.0318037068071355e-05,6.966908780167849e-06,1.6519911697511806e-05,1.2606515221058206e-05,8.913175696392255e-06,5.6585588222451655e-06,7.548411396514421e-07,1.6547402234963695e-06,-5.4872314320325365e-06,-1.106406923020635e-06,1.2236338072242163e-06,1.0792867415554812e-05,8.348467675826633e-06,4.251911822477552e-07,2.1583123998809887e-06,-6.46466215289829e-06,-1.0444173797342068e-05,-2.5100926565726058e-05,-1.2960629186695493e-05,-2.6141528101315386e-05,3.791282957303102e-05
2004-03-22 03:00:00,25.90537916874216,23.311224317527007,21.627366674328268,19.312405402539174,17.659952538528085,15.788845929720818,14.55200350500616,13.501714709781766,12.58483772014436,11.768573960438642,11.031162002595584,10.357375151717509,9.159028242671463,8.112900062019325,7.181568453172953,6.340204302290991,5.571434423209202,4.862596384290676,4.204157802769398,3.588751462706507,3.010558025783667,2.464895554945448,2.2030401123457213,1.947937573358983,1.6992107001633152,1.4565139962849931,1.2195301902939262,0.9879671974242984,0.7615554828072778,0.5400457639046174,0.3232070008045167,0.11082463191827029,3.938665643165269e-06,-7.611230180835217e-06,-1.1192915984201571e-05,-2.0805483950638076e-05,-2.6409285825572663e-05,-1.573815861831817e-05,-1.4513415314984878e-05,-8.109572622460418e-06,-2.5176661267660496e-06,5.407373123286966e-06,-1.2288455745503492e-05,-6.573713441782281e-06,4.820390831030624e-06,1.4243921735956945e-05,-3.4524816454583314e-06,4.3265411605532915e-06,8.216551417200387e-06,6.664752466724954e-06,4.758667546423852e-06,-3.719040202775155e-06,2.801658262257677e-07,-2.0918195387115606e-07,6.070281328189547e-06,-9.155735448586247e-07,-5.213270824141343e-06,-1.0768863850133528e-05,-2.0807133424375355e-05,-1.1028603022426837e-05,-1.601411928265327e-05,-1.5476470102394484e-05,-2.0538822756360954e-05,4.301635123212799e-05
2004-03-22 04:00:00,25.90537916874216,23.311224317527007,21.627366674328268,19.312405402539174,17.659952538528085,15.788845929720818,14.55200350500616,13.501714709781766,12.58483772014436,11.768573960438642,11.031162002595584,10.357375151717509,9.159028242671463,8.112900062019325,7.181568453172953,6.340204302290991,5.571434423209202,4.862596384290676,4.204157802769398,3.588751462706507,3.010558025783667,2.464895554945448,2.2030401123457213,1.947937573358983,1.6992107001633152,1.4565139962849931,1.2195301902939262,0.9879671974242984,0.7615554828072778,0.5400457639046174,0.3232070008045167,0.11082463191827029,2.620244433908421e-06,-2.2078458033606854e-06,-1.758073355235022e-05,-2.54859705670681e-05,-1.9503831251202924e-05,-2.1029751189461208e-05,-1.5767408652820906e-05,-4.997925238687315e-06,-9.576228147967936e-06,4.181905818307891e-06,5.573021346111399e-08,-8.225645450829935e-06,-6.923789931489214e-06,1.3732563526668293e-05,6.5496970907228736e-06,1.2940182210761217e-05,-2.434030115855509e-06,2.3459586318457713e-06,1.7730247783473802e-06,-4.243344226254498e-06,6.877903229418628e-07,1.7008798558129234e-09,8.946573948032161e-06,4.039766756255404e-06,-4.873992097660012e-06,-3.776886759071559e-06,-2.1082724839221548e-05,-1.6800320521285066e-05,-3.026261625774111e-06,-1.5119044464767142e-05,-7.589580963788823e-06,5.0055882285534095e-05
2004-03-22 05:00:00,25.90537916874216,23.311224317527007,21.627366674328268,19.312405402539174,17.659952538528085,15.788845929720818,14.55200350500616,13.501714709781766,12.58483772014436,11.768573960438642,11.031162002595584,10.357375151717509,9.159028242671463,8.112900062019325,7.181568453172953,6.340204302290991,5.571434423209202,4.862596384290676,4.204157802769398,3.588751462706507,3.010558025783667,2.464895554945448,2.2030401123457213,1.947937573358983,1.6992107001633152,1.4565139962849931,1.2195301902939262,0.9879671974242984,0.7615554828072778,0.5400457639046174,0.3232070008045167,0.11082463191827029,-7.467789163760942e-06,-3.12884558734655e-06,-1.3758343357023973e-05,-2.813772249522171e-05,-1.8032538022259278e-05,-1.6562091799797864e-05,-1.3375646563784088e-05,-9.791626190454102e-06,-1.1919100025253461e-05,2.688578055483791e-06,-7.688532986539054e-06,-1.8722519419197806e-05,-4.457351591912115e-07,2.5855916217706923e-05,4.590994666395154e-06,1.1420637163931136e-06,-3.0560214719016684e-06,2.0569152051540763e-06,3.5940153470766083e-06,-1.8614292123026882e-06,-1.8545142120128585e-06,-5.182614771279479e-07,7.4602101958580715e-06,1.3233113510436295e-06,1.375030080888251e-06,-7.670495230936705e-07,-1.8555970572487717e-05,-2.201130003079677e-05,-1.4965167414827139e-05,-1.2632481559462285e-06,1.5671332977987718e-05,7.148574467036553e-05
2004-03-22 06:00:00,25.90537916874216,23.311224317527007,21.627366674328268,19.312405402539174,17.659952538528085,15.788845929720818,14.55200350500616,13.501714709781766,12.58483772014436,11.768573960438642,11.031162002595584,10.357375151717509,9.159028242671463,8.112900062019325,7.181568453172953,6.340204302290991,5.571434423209202,4.862596384290676,4.204157802769398,3.588751462706507,3.010558025783667,2.464895554945448,2.2030401123457213,1.947937573358983,1.6992107001633152,1.4565139962849931,1.2195301902939262,0.9879671974242984,0.7615554828072778,0.5400457639046174,0.3232070008045167,0.11082463191827029,1.2317545376512145e-06,-9.993923735283188e-06,-1.684128168619842e-05,-2.1359788094104e-05,-1.914014518971735e-05,-1.869251851398033e-05,-1.6114285415563774e-05,-8.584466727401425e-06,7.477050722291889e-07,-1.1681286035560362e-05,-1.6599335106790178e-05,-1.9544470869075896e-05,2.9244051056883393e-06,2.1964141826141724e-05,8.279632664941454e-06,3.803847815907862e-06,1.175611849405218e-06,5.193617696244142e-06,-1.8366089306627553e-06,-7.763082572741973e-07,4.95687129155923e-06,2.532538098665209e-08,7.797030906425477e-06,8.63687757218634e-06,4.7466523878333525e-06,-1.374883644335288e-06,-1.4066745854470261e-05,-2.051275631674532e-05,-7.494986353071486e-06,9.234206205798569e-06,2.222048925960551e-05,7.803545245849444e-05
2004-03-22 07:00:00,25.90537916874216,23.311224317527007,21.627366674328268,19.312405402539174,17.659952538528085,15.788845929720818,14.55200350500616,13.501714709781766,12.58483772014436,11.768573960438642,11.031162002595584,10.357375151717509,9.159028242671463,8.112900062019325,7.181568453172953,6.340204302290991,5.571434423209202,4.862596384290676,4.204157802769398,3.588751462706507,3.010558025783667,2.464895554945448,2.2030401123457213,1.947937573358983,1.6992107001633152,1.4565139962849931,1.2195301902939262,0.9879671974242984,0.7615554828072778,0.5400457639046174,0.3232070008045167,0.11082463191827029,4.780569994745602e-07,-1.456600055296126e-06,-9.227613034290621e-06,-2.5652683938731954e-05,-1.528498391656068e-05,-1.765643800963259e-05,-2.007620604604652e-05,-8.462084278100293e-06,-2.4190219502480378e-06,3.966436220844957e-06,-1.061974000952392e-05,-1.721283783326887e-05,3.6778014753108045e-06,3.619262833570806e-05,5.616539895905961e-06,1.0187735408523103e-05,8.286583578645696e-06,2.5167879594337116e-06,-4.668787741514124e-06,-2.7580704932350863e-06,3.3622445308462983e-06,1.1994126566417152e-06,2.9025431358350504e-06,-1.4491681608616226e-06,-2.9642047948523706e-07,9.207370745059881e-06,-1.3031274085807218e-05,-3.246543852801453e-05,-1.1835441742788629e-05,6.145705921806198e-06,2.9550854404259464e-05,8.373196828591425e-05
2004-03-22 08:00:00,25.90537916874216,23.311224317527007,21.627366674328268,19.312405402539174,17.659952538528085,15.788845929720818,14.55200350500616,13.501714709781766,12.58483772014436,11.768573960438642,11.031162002595584,10.357375151717509,9.159028242671463,8.112900062019325,7.181568453172953,6.340204302290991,5.571434423209202,4.862596384290676,4.204157802769398,3.588751462706507,3.010558025783667,2.464895554945448,2.2030401123457213,1.947937573358983,1.6992107001633152,1.4565139962849931,1.2195301902939262,0.9879671974242984,0.7615554828072778,0.5400457639046174,0.3232070008045167,0.11082463191827029,1.3311429646834864e-05,-6.892663656031564e-06,-2.1698422491152138e-05,-2.730460421190013e-05,-1.5909972541290586e-05,-1.7428416504479502e-05,-1.5144306882871668e-05,-3.887188182381997e-06,-1.18294848717781e-05,-5.245120363273353e-06,-8.59516280334968e-06,-1.1851302912172491e-05,-9.796658177727071e-06,1.0719416927871117e-05,1.2008292203574717e-05,4.551605466446752e-06,5.790133055955483e-06,-2.1797305947422057e-06,6.2619071980365395e-06,-4.436676308912191e-06,6.325656102712437e-06,-6.970260727385329e-07,-1.3162845923585544e-06,2.8543630288511037e-06,-3.6889381997718064e-06,9.647740437931994e-06,4.761038476782797e-07,-2.2578434832586353e-05,-6.262578825181682e-06,9.113928106343778e-06,1.4301899087169396e-05,5.8079399220902454e-05
2004-03-22 09:00:00,25.90537916874216,23.311224317527007,21.627366674328268,19.312405402539174,17.659952538528085,15.788845929720818,14.55200350500616,13.501714709781766,12.58483772014436,11.768573960438642,11.031162002595584,10.357375151717509,9.159028242671463,8.112900062019325,7.181568453172953,6.340204302290991,5.571434423209202,4.862596384290676,4.204157802769398,3.588751462706507,3.010558025783667,2.464895554945448,2.2030401123457213,1.947937573358983,1.6992107001633152,1.4565139962849931,1.2195301902939262,0.9879671974242984,0.7615554828072778,0.5400457639046174,0.3232070008045167,0.11082463191827029,1.4724489202145554e-05,-8.06549601066549e-06,-2.2683795320318066e-05,-2.888409301289852e-05,-1.1945752046235209e-05,-1.613736373401133e-05,-1.4967984488922543e-05,-1.9683548585670555e-06,-7.30474185327349e-06,-5.881269318345246e-06,-1.9748516853330572e-05,-2.0966418813800862e-05,-6.81496010734725e-06,1.08725649816884e-05,3.152770998660532e-06,5.395322206262375e-06,4.52935113365232e-06,5.304002446741587e-06,8.526673119608312e-06,-1.4794992453711929e-05,6.798908709771481e-06,-1.1156733311844612e-06,5.982949615111696e-06,-3.2299020858669463e-06,4.377677775776882e-06,4.265061957168386e-06,-4.217216569221661e-06,-3.6131581511507225e-05,-7.481528077921545e-06,1.2369217171012315e-05,2.051011008305534e-05,6.426954483026561e-05
2004-03-22 10:00:00,25.90537916874216,23.311224317527007,21.627366674328268,19.312405402539174,17.659952538528085,15.788845929720818,14.55200350500616,13.501714709781766,12.58483772014436,11.768573960438642,11.031162002595584,10.357375151717509,9.159028242671463,8.112900062019325,7.181568453172953,6.340204302290991,5.571434423209202,4.862596384290676,4.204157802769398,3.588751462706507,3.010558025783667,2.464895554945448,2.2030401123457213,1.947937573358983,1.6992107001633152,1.4565139962849931,1.2195301902939262,0.9879671974242984,0.7615554828072778,0.5400457639046174,0.3232070008045167,0.11082463191827029,-4.69236751495559e-06,-4.568347719540059e-06,-1.7747494606161405e-05,-2.7375194971700045e-05,-1.232697638127467e-05,-1.3729275380234756e-05,-1.2161962796040733e-05,-5.6271868098204835e-06,-1.050911968921818e-05,-5.106530667093373e-06,-9.161642812066055e-06,-1.1115489684191882e-05,-4.075381879232798e-06,7.599205266073221e-06,-1.2976323839570048e-06,5.0564990683025765e-06,7.154203563057477e-06,-2.2435486885223155e-06,-2.6989776630591143e-06,-2.1164263006783137e-05,7.2772763081176976e-06,-2.4446453709693177e-06,-1.139505869114243e-06,-8.080514465488288e-07,1.1765547388648304e-06,-6.529920990187738e-06,-1.862582732095342e-05,-4.713813633265063e-05,-3.1666788356669765e-05,-3.6786821911616285e-05,-5.822734856110621e-05,-6.724773137692406e-05
2004-03-22 11:00:00,25.90537916874216,23.311224317527007,21.627366674328268,19.312405402539174,17.659952538528085,15.788845929720818,14.55200350500616,13.501714709781766,12.58483772014436,11.768573960438642,11.031162002595584,10.357375151717509,9.159028242671463,8.112900062019325,7.181568453172953,6.340204302290991,5.571434423209202,4.862596384290676,4.204157802769398,3.588751462706507,3.010558025783667,2.464895554945448,2.2030401123457213,1.947937573358983,1.6992107001633152,1.4565139962849931,1.2195301902939262,0.9879671974242984,0.7615554828072778,0.5400457639046174,0.3232070008045167,0.11082463191827029,5.906889436573946e-06,-7.403123122325263e-06,-1.5510131762863196e-05,-1.8798396824051895e-05,-1.3801030098587141e-05,-1.7131443722278205e-05,-1.2060035496404525e-05,-8.41581688578883e-06,-6.373031577809787e-06,-1.1317645715537321e-05,-1.6627480145543986e-05,-1.9467466478042624e-05,-1.8484440650881666e-07,3.887097046412318e-06,1.1363499525316045e-05,8.348253478299718e-06,2.3725921790839343e-06,-2.8478753976334547e-06,-4.1885617788569024e-07,-1.5550622436037884e-05,1.7232657674499233e-06,-3.350451313364945e-06,4.030843240061865e-06,-1.5669215229450488e-06,3.2654937315962842e-06,-4.5549074911619505e-06,-1.4207159649682583e-05,-5.256263948152429e-05,-5.6439059634236534e-05,-7.742562135498953e-05,-0.00015508587892708523,-0.00028436531587566386
2004-03-22 12:00:00,25.90537916874216,23.311224317527007,21.627366674328268,19.312405402539174,17.659952538528085,15.788845929720818,14.55200350500616,13.501714709781766,12.58483772014436,11.768573960438642,11.031162002595584,10.357375151717509,9.159028242671463,8.112900062019325,7.181568453172953,6.340204302290991,5.571434423209202,4.862596384290676,4.204157802769398,3.588751462706507,3.010558025783667,2.464895554945448,2.2030401123457213,1.947937573358983,1.6992107001633152,1.4565139962849931,1.2195301902939262,0.9879671974242984,0.7615554828072778,0.5400457639046174,0.3232070008045167,0.11082463191827029,6.465908595363522e-05,2.273057351329084e-05,-1.2268462970768972e-06,-1.2369171736828742e-05,-4.8332177756357105e-06,-9.522872924865268e-06,-1.4408837486524982e-05,1.4594877989014685e-06,-1.1135844740736462e-06,-9.347284103520113e-07,-5.565422569098988e-06,-8.118150741617277e-06,1.0076142496218531e-05,2.7385237420909575e-05,2.948216352481274e-05,7.923728663996425e-06,8.555310282963003e-06,3.362843453051797e-06,3.2144221102041307e-06,1.113193096012085e-05,1.4055255193317109e-05,3.2182890756068792e-06,1.4995386666003418e-05,1.473882495294274e-05,1.8660142519819223e-05,1.4929749447285807e-05,4.848346310590244e-07,-3.579534128114223e-05,-3.0298464697956436e-05,-4.3424342193262715e-05,-0.00011877901632926984,-0.00027995277656638686
